,dataset,hbmnl_score,ensemble_score,hbmnl_time,ensemble_time,run
0,01_PathologyNone,0.78,0.77,4.220207929611206,82.32328701019287,0
1,01_PathologyNone,0.78,0.78,4.201436281204224,83.35132718086243,1
2,01_PathologyNone,0.78,0.76,4.308151006698608,83.14921998977661,2
3,01_PathologyNone,0.76,0.76,4.095911264419556,83.20903420448303,3
4,01_PathologyNone,0.76,0.78,4.092500925064087,83.88310194015503,4
