treedepth,iterations,score
3,300,0.8119047619047619
3,1000,0.8119047619047619
3,2000,0.8119047619047619
