,dataset,hbmnl_score,ensemble_score,hbmnl_time,ensemble_time,run
0,R1_PremiumChocolate,0.33248730964467005,0.31852791878172587,96.03257489204407,5025.254885673523,0
1,R1_PremiumChocolate,0.32741116751269034,0.3248730964467005,95.96584248542786,5019.146546840668,1
2,R1_PremiumChocolate,0.3426395939086294,0.33248730964467005,95.46843361854553,5036.596768379211,2
3,R1_PremiumChocolate,0.33121827411167515,0.3210659898477157,95.96222972869873,4997.849936008453,3
4,R1_PremiumChocolate,0.34390862944162437,0.3299492385786802,94.96576642990112,4958.787126541138,4
