,dataset,hbmnl_score,ensemble_score,hbmnl_time,ensemble_time,run
0,R3_ArtificialFlowers,0.43157010915197314,0.42989084802686817,49.515307664871216,1057.1715972423553,0
1,R3_ArtificialFlowers,0.436607892527288,0.4282115869017632,49.52656126022339,1073.2762796878815,1
2,R3_ArtificialFlowers,0.4332493702770781,0.42149454240134343,49.88363218307495,1078.4896042346954,2
3,R3_ArtificialFlowers,0.4265323257766583,0.4332493702770781,49.45486545562744,1087.1547977924347,3
4,R3_ArtificialFlowers,0.4332493702770781,0.4282115869017632,49.68773913383484,1076.7261371612549,4
