,dataset,hbmnl_score,ensemble_score,hbmnl_time,ensemble_time,run
0,R4_FloorCleaningServices,0.5126582278481012,0.5147679324894515,32.591105699539185,1402.810638666153,0
1,R4_FloorCleaningServices,0.510548523206751,0.5168776371308017,32.54920840263367,1406.5567939281464,1
2,R4_FloorCleaningServices,0.5063291139240507,0.5168776371308017,32.64625644683838,1409.4862282276154,2
3,R4_FloorCleaningServices,0.5063291139240507,0.5274261603375527,32.7632257938385,1404.8271126747131,3
4,R4_FloorCleaningServices,0.5021097046413502,0.5232067510548524,32.53770613670349,1402.644915342331,4
