,dataset,hbmnl_score,ensemble_score,hbmnl_time,ensemble_time,run
0,01_PathologyNone/,0.75,0.75,2.548402786254883,45.201098918914795,0
1,01_PathologyNone/,0.748,0.74,2.535745620727539,45.59125638008118,1
2,04_PathologyMultiple/,0.82,0.828,2.4458119869232178,45.19170546531677,0
3,04_PathologyMultiple/,0.814,0.816,2.565694808959961,45.20490837097168,1
