,dataset,hbmnl_score,ensemble_score,hbmnl_time,ensemble_time
0,01_PathologyNone/,0.752,0.746,2.234201669692993,37.196983098983765
1,02_PathologyANA/,0.57,0.556,2.2111010551452637,37.132407665252686
2,03_PathologyScreening/,0.91,0.904,2.2316131591796875,37.28957509994507
3,04_PathologyMultiple/,0.818,0.816,2.2121400833129883,37.633238315582275
4,R1_PremiumChocolate/,0.33096446700507615,0.3304568527918782,109.53293800354004,2181.688110113144
5,R2_GroundBeef/,0.4350515463917526,0.4302405498281787,9.011113166809082,147.67886662483215
6,R3_ArtificialFlowers/,0.45927791771620485,0.44987405541561715,72.87317514419556,231.11438727378845
7,R4_FloorCleaningServices/,0.5540084388185654,0.5430379746835443,31.18807888031006,616.3454279899597
8,R5_InteriorPaint/,0.39876923076923076,0.3963076923076923,11.7489173412323,223.97464299201965
