,dataset,hbmnl_score,ensemble_score,hbmnl_time,ensemble_time,run
0,01_PathologyNone/,0.752,0.744,87.46802258491516,177.6146469116211,0
1,02_PathologyANA/,0.568,0.574,106.80357837677002,168.38521766662598,0
2,03_PathologyScreening/,0.902,0.902,66.86105298995972,234.46685910224915,0
3,04_PathologyMultiple/,0.818,0.822,73.11857724189758,241.7383177280426,0
